OHIO,OTTAWA,LACARNE,OH,39,C123,39123,3965,391233965
CONNECTICUT,NEW HAVEN,MIDDLEBURY,CT,09,C009,09009,0375,090090375
OKLAHOMA,MCINTOSH,RENTIESVILLE,OK,40,C091,40091,4010,400914010
TENNESSEE,SCOTT,ELGIN,TN,47,C151,47151,0757,471510757
MINNESOTA,BELTRAMI,PITT,MN,27,C007,27007,5699,270075699
PENNSYLVANIA,WASHINGTON,FREDERICKTOWN,PA,42,C125,42125,3030,421253030
VERMONT,RUTLAND,BRANDON,VT,50,C021,50021,0090,500210090
NEW JERSEY,WARREN,HUNTINGTON,NJ,34,C041,34041,1468,340411468
NEW YORK,MADISON,LEONARDSVILLE,NY,36,C053,36053,3204,360533204
OHIO,WYANDOT,KIRBY,OH,39,C175,39175,3940,391753940
TEXAS,HIDALGO,FAYSVILLE,TX,48,C215,48215,2342,482152342
MISSOURI,NEW MADRID,HOWARDVILLE,MO,29,C143,29143,3822,291433822
WYOMING,FREMONT,LOST CABIN,WY,56,C013,56013,0490,560130490
MARYLAND,DORCHESTER,TODDVILLE,MD,24,C019,24019,1582,240191582
IOWA,WAYNE,HUMESTON,IA,19,C185,19185,3960,191853960
CALIFORNIA,LOS ANGELES,LA CRESCENTA,CA,06,C037,06037,1777,060371777
NEW YORK,FRANKLIN,HOGANSBURG,NY,36,C033,36033,2725,360332725
IOWA,FRANKLIN,DOWS,IA,19,C069,19069,2410,190692410
CONNECTICUT,LITCHFIELD,WEST GOSHEN,CT,09,C005,09005,0824,090050824
OHIO,FRANKLIN,GAHANNA,OH,39,C049,39049,2780,390492780
WEST VIRGINIA,SUMMERS,BROOKS,WV,54,C089,54089,0324,540890324
MARYLAND,CHARLES,WELCOME,MD,24,C017,24017,1656,240171656
UTAH,MILLARD,LEAMINGTON,UT,49,C027,49027,0930,490270930
PENNSYLVANIA,ALLEGHENY,MCKEES ROCKS,PA,42,C003,42003,4720,420034720
IOWA,GRUNDY,GRUNDY CENTER,IA,19,C075,19075,3520,190753520
NORTH DAKOTA,SHERIDAN,GOODRICH,ND,38,C083,38083,1260,380831260
CALIFORNIA,HUMBOLDT,FORTUNA,CA,06,C023,06023,1340,060231340
GEORGIA,GRADY,RENO,GA,13,C131,13131,4590,131314590
WASHINGTON,BENTON,KIONA,WA,53,C005,53005,1049,530051049
LOUISIANA,NATCHITOCHES,CRESTON,LA,22,C069,22069,0518,220690518
VIRGINIA,NORTHAMPTON,SEAVIEW,VA,51,C131,51131,2219,511312219
GEORGIA,MERIWETHER,HARALSON,GA,13,C199,13199,2580,131992580
GEORGIA,HALL,OAKWOOD,GA,13,C139,13139,4100,131394100
NEBRASKA,THAYER,GILEAD,NE,31,C169,31169,2010,311692010
WISCONSIN,GREEN LAKE,MARKESAN,WI,55,C047,55047,2860,550472860
WEST VIRGINIA,MONROE,SINKS GROVE,WV,54,C063,54063,2437,540632437
OREGON,GRANT,DAYVILLE,OR,41,C023,41023,0500,410230500
PENNSYLVANIA,LANCASTER,COLUMBIA,PA,42,C071,42071,1550,420711550
NORTH CAROLINA,WILKES,BOOMER,NC,37,C193,37193,0557,371930557
MISSOURI,WORTH,SHERIDAN,MO,29,C227,29227,7290,292277290
OKLAHOMA,MURRAY,DAVIS,OK,40,C099,40099,1270,400991270
ALASKA,YUKON KOYUKUK,LIVENGOOD,AK,02,C290,02290,1500,022901500
KANSAS,MONTGOMERY,WAYSIDE,KS,20,C125,20125,5707,201255707
ILLINOIS,MARION,CENTRAL CITY,IL,17,C121,17121,1500,171211500
NEW JERSEY,ESSEX,CHEESEQUAKE,NJ,34,C013,34013,0595,340130595
PENNSYLVANIA,HUNTINGDON,ROCKHILL FURNACE,PA,42,C061,42061,7103,420617103
ILLINOIS,CHAMPAIGN,DEWEY,IL,17,C019,17019,2337,170192337
NEW MEXICO,EDDY,HOPE,NM,35,C015,35015,0420,350150420
NEVADA,WHITE PINE,ELY,NV,32,C033,32033,0080,320330080
LOUISIANA,LINCOLN,CHOUDRANT,LA,22,C061,22061,0380,220610380
ALASKA,BETHEL,KINEGNAK,AK,02,C050,02050,1275,020501275
OHIO,ATHENS,CHAUNCEY,OH,39,C009,39009,1510,390091510
NORTH CAROLINA,SURRY,FLAT ROCK,NC,37,C171,37171,1673,371711673
KENTUCKY,OHIO,MCHENRY,KY,21,C183,21183,2130,211832130
ILLINOIS,PERRY,CUTLER,IL,17,C145,17145,2130,171452130
IOWA,ADAMS,CORNING,IA,19,C003,19003,1840,190031840
CALIFORNIA,MARIN,SAUSALITO,CA,06,C041,06041,3540,060413540
DELAWARE,NEW CASTLE,COLLINS PARK,DE,10,C003,10003,0094,100030094
MONTANA,TREASURE,MYERS,MT,30,C103,30103,0851,301030851
ARIZONA,YAVAPAI,BUMBLE BEE,AZ,04,C025,04025,0062,040250062
MARYLAND,TALBOT,NEAVITT,MD,24,C041,24041,1087,240411087
TEXAS,CORYELL,LEON JUNCTION,TX,48,C099,48099,3941,480993941
ALABAMA,SHELBY,WILSONVILLE,AL,01,C117,01117,3280,011173280
IOWA,DICKINSON,WEST OKOBOJI,IA,19,C059,19059,9030,190599030
MISSISSIPPI,TALLAHATCHIE,TUTWILER,MS,28,C135,28135,2620,281352620
ILLINOIS,KENDALL,PLATTVILLE,IL,17,C093,17093,7013,170937013
CALIFORNIA,STANISLAUS,SOUTH TURLOCK,CA,06,C099,06099,3750,060993750
PENNSYLVANIA,DAUPHIN,MIDDLETOWN,PA,42,C043,42043,5120,420435120
SOUTH CAROLINA,FLORENCE,SCRANTON,SC,45,C041,45041,2320,450412320
IOWA,LINN,WALKER,IA,19,C113,19113,8720,191138720
ARKANSAS,CLEBURNE,HIGDEN,AR,05,C023,05023,1860,050231860
WASHINGTON,JEFFERSON,FORT WORDEN,WA,53,C031,53031,0767,530310767
MICHIGAN,OAKLAND,LAKE ORION HTS,MI,26,C125,26125,2670,261252670
ARKANSAS,MARION,FLIPPIN,AR,05,C089,05089,1330,050891330
NEBRASKA,ADAMS,HASTINGS,NE,31,C001,31001,2280,310012280
INDIANA,PUTNAM,REELSVILLE,IN,18,C133,18133,4083,181334083
NEW YORK,LEWIS,HARRISVILLE,NY,36,C049,36049,2560,360492560
MISSOURI,ST LOUIS,CARSONVILLE,MO,29,C189,29189,1429,291891429
OHIO,SUMMIT,HUDSON,OH,39,C153,39153,3630,391533630
PENNSYLVANIA,WASHINGTON,MEADOW LANDS,PA,42,C125,42125,4990,421254990
IOWA,BENTON,URBANA,IA,19,C011,19011,8540,190118540
CALIFORNIA,MARIPOSA,COULTERVILLE,CA,06,C043,06043,0884,060430884
TEXAS,POLK,ONALASKA,TX,48,C373,48373,5095,483735095
ALABAMA,CHOCTAW,HALSELL,AL,01,C023,01023,1535,010231535
ALASKA,YUKON KOYUKUK,MINTO,AK,02,C290,02290,1610,022901610
MASSACHUSETTS,HAMPSHIRE,HUNTINGTON,MA,25,C015,25015,0538,250150538
INDIANA,WHITE,BROOKSTON,IN,18,C181,18181,0540,181810540
IOWA,LINN,VIOLA,IA,19,C113,19113,8675,191138675
NEW YORK,CATTARAUGUS,KNAPP CREEK,NY,36,C009,36009,3065,360093065
NEW YORK,WESTCHESTER,AMAWALK,NY,36,C119,36119,0144,361190144
ILLINOIS,HENRY,OSCO,IL,17,C073,17073,6615,170736615
PENNSYLVANIA,LANCASTER,BROWNSTOWN,PA,42,C071,42071,0960,420710960
PENNSYLVANIA,BERKS,BOWERS,PA,42,C011,42011,0785,420110785
PENNSYLVANIA,YORK,RED LION,PA,42,C133,42133,6920,421336920
MICHIGAN,OAKLAND,WALLED LAKE,MI,26,C125,26125,5100,261255100
MICHIGAN,MASON,LUDINGTON,MI,26,C105,26105,2870,261052870
IOWA,LOUISA,COLUMBUS CITY,IA,19,C115,19115,1750,191151750
PENNSYLVANIA,CHESTER,ATGLEN,PA,42,C029,42029,0280,420290280
TEXAS,MONTGOMERY,NEW CANEY,TX,48,C339,48339,4878,483394878
IDAHO,CUSTER,LESLIE,ID,16,C037,16037,0958,160370958
CALIFORNIA,SAN DIEGO,GUATAY,CA,06,C073,06073,1517,060731517
KENTUCKY,ADAIR,MILLTOWN,KY,21,C001,21001,2239,210012239
MINNESOTA,WASHINGTON,ST PAUL PARK,MN,27,C163,27163,6340,271636340
PENNSYLVANIA,FRANKLIN,UPPER STRASBURG,PA,42,C055,42055,8718,420558718
NORTH CAROLINA,RUTHERFORD,HENRIETTA,NC,37,C161,37161,2134,371612134
WEST VIRGINIA,MCDOWELL,ASHLAND,WV,54,C047,54047,0111,540470111
MINNESOTA,GOODHUE,RED WING,MN,27,C049,27049,5840,270495840
OREGON,TILLAMOOK,NETARTS,OR,41,C057,41057,1488,410571488
ARIZONA,GREENLEE,STARGO,AZ,04,C011,04011,0471,040110471
MISSOURI,CLAY,SMITHVILLE,MO,29,C047,29047,7370,290477370
WISCONSIN,WAUSHARA,WAUTOMA,WI,55,C137,55137,5120,551375120
ALASKA,VALDEZ CORDOVA,GULKANA,AK,02,C261,02261,0900,022610900
WEST VIRGINIA,RALEIGH,ROCK CREEK,WV,54,C081,54081,2329,540812329
KENTUCKY,GRAYSON,MILLWOOD,KY,21,C085,21085,2244,210852244
IOWA,LINN,TROY MILLS,IA,19,C113,19113,8443,191138443
NORTH CAROLINA,GATES,SUNBURY,NC,37,C073,37073,4505,370734505
PENNSYLVANIA,INDIANA,MARION CENTER,PA,42,C063,42063,4880,420634880
OKLAHOMA,KAY,BLACKWELL,OK,40,C071,40071,0420,400710420
FLORIDA,JACKSON,SNEADS,FL,12,C063,12063,2830,120632830
MAINE,HANCOCK,BLUE HILL FALLS,ME,23,C009,23009,0708,230090708
TENNESSEE,HARDEMAN,GRAND JUNCTION,TN,47,C069,47069,0980,470690980
WASHINGTON,SNOHOMISH,LAKEWOOD,WA,53,C061,53061,1122,530611122
IOWA,HAMILTON,WILLIAMS,IA,19,C079,19079,9140,190799140
MISSISSIPPI,WASHINGTON,ARCOLA,MS,28,C151,28151,0060,281510060
ARIZONA,PIMA,RILLITO,AZ,04,C019,04019,0398,040190398
VIRGINIA,ORANGE,BARBOURSVILLE,VA,51,C137,51137,0126,511370126
ILLINOIS,DU PAGE,MEDINAH,IL,17,C043,17043,5435,170435435
VERMONT,WINDHAM,WILLIAMSVILLE,VT,50,C025,50025,0767,500250767
MICHIGAN,CHIPPEWA,GOETZVILLE,MI,26,C033,26033,1961,260331961
MAINE,HANCOCK,"ASHVILLE, SULLIVAN",ME,23,C009,23009,0063,230090063
MICHIGAN,CHARLEVOIX,BOYNE FALLS,MI,26,C029,26029,0540,260290540
WASHINGTON,CLALLAM,JOYCE,WA,53,C009,53009,0985,530090985
WISCONSIN,MARINETTE,POUND,WI,55,C075,55075,3870,550753870
MAINE,PENOBSCOT,CORINTH,ME,23,C019,23019,1806,230191806
WISCONSIN,MANITOWOC,NEWTON,WI,55,C071,55071,3405,550713405
ILLINOIS,CLAY,BIBLE GROVE,IL,17,C025,17025,0806,170250806
WISCONSIN,SHEBOYGAN,RANDOM LAKE,WI,55,C117,55117,3990,551173990
MISSOURI,ANDREW,REA,MO,29,C003,29003,6650,290036650
KANSAS,KINGMAN,ZENDA,KS,20,C095,20095,6020,200956020
IOWA,UNION,LORIMOR,IA,19,C175,19175,4920,191754920
ALABAMA,ESCAMBIA,FLOMATON,AL,01,C053,01053,1180,010531180
ILLINOIS,GREENE,KANE,IL,17,C061,17061,4370,170614370
ILLINOIS,COOK,DIXMOOR,IL,17,C031,17031,2370,170312370
NEVADA,DOUGLAS,ZEPHYR COVE,NV,32,C005,32005,0250,320050250
CONNECTICUT,FAIRFIELD,EASTON,CT,09,C001,09001,0227,090010227
MAINE,FRANKLIN,WEST MILLS,ME,23,C007,23007,9050,230079050
NEW YORK,SCHOHARIE,LAWYERSVILLE,NY,36,C095,36095,3191,360953191
IOWA,MARSHALL,LAUREL,IA,19,C127,19127,4560,191274560
FLORIDA,TAYLOR,SALEM,FL,12,C123,12123,2742,121232742
MARYLAND,MONTGOMERY,TAKOMA PARK,MD,24,C031,24031,1540,240311540
MARYLAND,HARFORD,PERRYMAN,MD,24,C025,24025,1196,240251196
WISCONSIN,ONEIDA,THREE LAKES,WI,55,C085,55085,4815,550854815
NEW YORK,CAYUGA,SENNETT,NY,36,C011,36011,5633,360115633
NEW YORK,ULSTER,HIGH FALLS,NY,36,C111,36111,2679,361112679
MISSOURI,LINCOLN,TROY,MO,29,C113,29113,7810,291137810
TENNESSEE,JACKSON,WHITLEYVILLE,TN,47,C087,47087,2585,470872585
MISSOURI,ST LOUIS,WOODSON TERR,MO,29,C189,29189,8480,291898480
TEXAS,TERRY,BROWNFIELD,TX,48,C445,48445,0920,484450920
CALIFORNIA,SAN LUIS OBISPO,ARROYO GRANDE,CA,06,C079,06079,0150,060790150
CALIFORNIA,RIVERSIDE,NORCO,CA,06,C065,06065,2420,060652420
UTAH,DAVIS,KAYSVILLE,UT,49,C011,49011,0860,490110860
TEXAS,RUSK,REKLAW,TX,48,C401,48401,5701,484015701
NEBRASKA,CUSTER,ALMERIA,NE,31,C041,31041,0155,310410155
LOUISIANA,JACKSON,EAST HODGE,LA,22,C049,22049,0651,220490651
VIRGINIA,CAMPBELL,EVINGTON,VA,51,C031,51031,0885,510310885
VIRGINIA,PULASKI,PULASKI,VA,51,C155,51155,1990,511551990
GEORGIA,COLQUITT,ELLENTON,GA,13,C071,13071,1990,130711990
PENNSYLVANIA,CLARION,VOWINCKEL,PA,42,C031,42031,8797,420318797
MISSOURI,ST LOUIS,WILDWOOD,MO,29,C189,29189,8393,291898393
KENTUCKY,ROCKCASTLE,BRODHEAD,KY,21,C203,21203,0380,212030380
WASHINGTON,KITSAP,BREMERTON,WA,53,C035,53035,0180,530350180
MISSOURI,DE KALB,WEATHERBY,MO,29,C063,29063,8200,290638200
MARYLAND,DORCHESTER,EAST NEW MARKET,MD,24,C019,24019,0470,240190470
SOUTH CAROLINA,FAIRFIELD,WINNSBORO MILLS,SC,45,C039,45039,2920,450392920
IDAHO,BUTTE,DARLINGTON,ID,16,C023,16023,0356,160230356
ILLINOIS,JACKSON,SAND RIDGE,IL,17,C077,17077,7743,170777743
NORTH CAROLINA,LENOIR,GRIFTON,NC,37,C107,37107,1960,371071960
PENNSYLVANIA,BRADFORD,COLUMBIA CROSS ROADS,PA,42,C015,42015,1555,420151555
ALABAMA,ELMORE,ELMORE,AL,01,C051,01051,1025,010511025
MONTANA,MEAGHER,WHITE SULPHUR SPGS,MT,30,C059,30059,1260,300591260
VERMONT,WINDHAM,"CAMBRIDGEPORT, ROCKNHM",VT,50,C025,50025,0142,500250142
ILLINOIS,WASHINGTON,OKAWVILLE,IL,17,C189,17189,6500,171896500
NEW YORK,WAYNE,PALMYRA,NY,36,C117,36117,4640,361174640
ILLINOIS,LEE,FRANKLIN GROVE,IL,17,C103,17103,3180,171033180
MICHIGAN,KENT,MCCORDS,MI,26,C081,26081,2915,260812915
SOUTH CAROLINA,CHESTERFIELD,MT CROGHAN,SC,45,C025,45025,1700,450251700
VERMONT,BENNINGTON,LANDGROVE,VT,50,C003,50003,0297,500030297
TEXAS,JACKSON,GANADO,TX,48,C239,48239,2580,482392580
TEXAS,DENTON,LITTLE ELM,TX,48,C121,48121,4007,481214007
TENNESSEE,CLAIBORNE,PRUDEN,TN,47,C025,47025,1981,470251981
PENNSYLVANIA,LEHIGH,LAURYS STATION,PA,42,C077,42077,4312,420774312
MASSACHUSETTS,BERKSHIRE,CHESHIRE,MA,25,C003,25003,0203,250030203
TEXAS,MORRIS,LONE STAR,TX,48,C343,48343,4074,483434074
NEW YORK,CLINTON,ROUSES POINT,NY,36,C019,36019,5320,360195320
NEBRASKA,COLFAX,LEIGH,NE,31,C037,31037,2770,310372770
IOWA,LEE,ST PAUL,IA,19,C111,19111,7570,191117570
ARKANSAS,UNION,NORPHLET,AR,05,C139,05139,2870,051392870
ARIZONA,NAVAJO,CIBECUE,AZ,04,C017,04017,0085,040170085
VIRGINIA,FAIRFAX,FAIRFAX STATION,VA,51,C059,51059,0901,510590901
NEW YORK,ORANGE,WASHINGTONVILLE,NY,36,C071,36071,6420,360716420
NORTH DAKOTA,MCLEAN,WHITE SHIELD,ND,38,C055,38055,3335,380553335
OREGON,LANE,DISSTON,OR,41,C039,41039,0519,410390519
OHIO,MAHONING,AUSTINTOWN,OH,39,C099,39099,0383,390990383
MISSISSIPPI,PIKE,MAGNOLIA,MS,28,C113,28113,1520,281131520
OREGON,MARION,MEHAMA,OR,41,C047,41047,1312,410471312
FLORIDA,COLLIER,GOODLAND,FL,12,C021,12021,1176,120211176
NORTH CAROLINA,ROBESON,REX,NC,37,C155,37155,3805,371553805
TEXAS,JIM WELLS,ALICE SOUTHWEST,TX,48,C249,48249,0089,482490089
CALIFORNIA,MERCED,LE GRAND,CA,06,C047,06047,1877,060471877
MASSACHUSETTS,NANTUCKET,SIASCONSET,MA,25,C019,25019,1175,250191175
ARKANSAS,PULASKI,LITTLE ROCK,AR,05,C119,05119,2320,051192320
NORTH CAROLINA,HALIFAX,TILLERY,NC,37,C083,37083,4595,370834595
FLORIDA,ORANGE,PLYMOUTH,FL,12,C095,12095,2542,120952542
INDIANA,JASPER,REMINGTON,IN,18,C073,18073,4090,180734090
ILLINOIS,CLINTON,BARTELSO,IL,17,C027,17027,0530,170270530
OHIO,WARREN,CORWIN,OH,39,C165,39165,1910,391651910
LOUISIANA,EAST FELICIANA,WILSON,LA,22,C037,22037,2437,220372437
NORTH CAROLINA,EDGECOMBE,BRICKS,NC,37,C065,37065,0602,370650602
PENNSYLVANIA,MIFFLIN,LEWISTOWN,PA,42,C087,42087,4430,420874430
GEORGIA,FANNIN,BLUE RIDGE,GA,13,C111,13111,0560,131110560
VERMONT,RUTLAND,WELLS,VT,50,C021,50021,0689,500210689
TEXAS,BLANCO,KERRICK,TX,48,C031,48031,3665,480313665
NEW YORK,ULSTER,CRAGSMOOR,NY,36,C111,36111,1403,361111403
GEORGIA,FULTON,JOHNS CREEK,GA,13,C121,13121,3209,131213209
INDIANA,PUTNAM,ROACHDALE,IN,18,C133,18133,4160,181334160
KENTUCKY,LETCHER,KINGS CREEK,KY,21,C133,21133,1796,211331796
WISCONSIN,OUTAGAMIE,BEAR CREEK,WI,55,C087,55087,0370,550870370
CALIFORNIA,PLUMAS,ALMANOR,CA,06,C063,06063,0032,060630032
NEW JERSEY,MORRIS,LAKE HIAWATHA,NJ,34,C027,34027,1578,340271578
MISSOURI,ST LOUIS,FRONTENAC,MO,29,C189,29189,2950,291892950
PENNSYLVANIA,MONTGOMERY,EAGLEVILLE,PA,42,C091,42091,2165,420912165
NEW YORK,DUTCHESS,FAIRVIEW,NY,36,C027,36027,1941,360271941
OHIO,COSHOCTON,CLARK,OH,39,C031,39031,1638,390311638
MINNESOTA,PENNINGTON,THIEF RIVER FALLS,MN,27,C113,27113,6910,271136910
OHIO,SUMMIT,MONTROSE,OH,39,C153,39153,5271,391535271
KANSAS,PHILLIPS,STUTTGART,KS,20,C147,20147,5255,201475255
SOUTH CAROLINA,LEXINGTON,LEESVILLE,SC,45,C063,45063,1420,450631420
VIRGINIA,NORTHUMBERLAND,OPHELIA,VA,51,C133,51133,1837,511331837
WASHINGTON,GRAYS HARBOR,COPALIS BEACH,WA,53,C027,53027,0443,530270443
NEBRASKA,GAGE,WYMORE,NE,31,C067,31067,5340,310675340
OHIO,CLERMONT,BETHEL,OH,39,C025,39025,0750,390250750
OHIO,SUMMIT,NORTHFIELD,OH,39,C153,39153,5960,391535960
WEST VIRGINIA,NICHOLAS,KESLERS CROSS LANES,WV,54,C067,54067,1361,540671361
VIRGINIA,FAUQUIER,MIDLAND,VA,51,C061,51061,1612,510611612
ALASKA,NOME,UKIVOK,AK,02,C180,02180,2683,021802683
IDAHO,KOOTENAI,RATHDRUM,ID,16,C055,16055,1500,160551500
OHIO,HIGHLAND,RAINSBORO,OH,39,C071,39071,6813,390716813
TEXAS,WHARTON,EAST BERNARD,TX,48,C481,48481,2045,484812045
TENNESSEE,HARDIN,MILLEDGEVILLE,TN,47,C071,47071,1646,470711646
MICHIGAN,JACKSON,CONCORD,MI,26,C075,26075,1090,260751090
MICHIGAN,ST JOSEPH,MENDON,MI,26,C149,26149,3160,261493160
ILLINOIS,SALINE,RALEIGH,IL,17,C165,17165,7182,171657182
WASHINGTON,COLUMBIA,STARBUCK,WA,53,C013,53013,2150,530132150
ALABAMA,CULLMAN,GARDEN CITY,AL,01,C043,01043,1310,010431310
OHIO,JACKSON,WELLSTON,OH,39,C079,39079,8670,390798670
SOUTH DAKOTA,CODINGTON,HENRY,SD,46,C029,46029,1260,460291260
COLORADO,FREMONT,COALDALE,CO,08,C043,08043,0403,080430403
OHIO,HOLMES,CLARK,OH,39,C075,39075,1638,390751638
MAINE,FRANKLIN,FARMINGTON,ME,23,C007,23007,2750,230072750
MAINE,OXFORD,HIRAM,ME,23,C017,23017,3625,230173625
ILLINOIS,ST CLAIR,MASCOUTAH,IL,17,C163,17163,5340,171635340
OKLAHOMA,BECKHAM,ELK CITY,OK,40,C009,40009,1510,400091510
IOWA,WINNESHIEK,FORT ATKINSON,IA,19,C191,19191,3010,191913010
CONNECTICUT,LITCHFIELD,HARWINTON,CT,09,C005,09005,0286,090050286
INDIANA,POSEY,POSEYVILLE,IN,18,C129,18129,4050,181294050
INDIANA,PORTER,VALPARAISO,IN,18,C127,18127,4960,181274960
ARKANSAS,CLAY,DATTO,AR,05,C021,05021,0990,050210990
RHODE ISLAND,PROVIDENCE,WALLUM LAKE,RI,44,C007,44007,0221,440070221
PENNSYLVANIA,CLEARFIELD,MORANN,PA,42,C033,42033,5481,420335481
NEW MEXICO,EDDY,LAKEWOOD,NM,35,C015,35015,0459,350150459
MARYLAND,CALVERT,OWINGS,MD,24,C009,24009,1172,240091172
SOUTH CAROLINA,ANDERSON,STARR,SC,45,C007,45007,2490,450072490
NEBRASKA,SHERIDAN,RUSHVILLE,NE,31,C161,31161,4240,311614240
OHIO,JACKSON,OAK HILL,OH,39,C079,39079,6110,390796110
OREGON,WASCO,SHANIKO,OR,41,C065,41065,1880,410651880
IOWA,LOUISA,COLUMBUS JCTN,IA,19,C115,19115,1760,191151760
WYOMING,JOHNSON,LINCH,WY,56,C019,56019,0477,560190477
CALIFORNIA,SAN BERNARDINO,BIG BEAR CITY,CA,06,C071,06071,0357,060710357
VIRGINIA,BRUNSWICK,MEREDITHVILLE,VA,51,C025,51025,1589,510251589
ALABAMA,BALDWIN,STAPLETON,AL,01,C003,01003,2837,010032837
VIRGINIA,ROCKINGHAM,HINTON,VA,51,C165,51165,1262,511651262
FLORIDA,ORANGE,MAITLAND,FL,12,C095,12095,1895,120951895
CALIFORNIA,LOS ANGELES,FOOT HILL RANCH,CA,06,C037,06037,1301,060371301
NEW JERSEY,GLOUCESTER,WESTVILLE,NJ,34,C015,34015,3620,340153620
KANSAS,DOUGLAS,LECOMPTON,KS,20,C045,20045,3060,200453060
MINNESOTA,CROW WING,TROMMALD,MN,27,C035,27035,6980,270356980
HAWAII,KAUAI,HANAPEPE,HI,15,C007,15007,1500,150071500
WISCONSIN,OCONTO,STILES JUNCTION,WI,55,C083,55083,4624,550834624
GEORGIA,DECATUR,BAINBRIDGE,GA,13,C087,13087,0370,130870370
WYOMING,SWEETWATER,MCKINNON,WY,56,C037,56037,0567,560370567
NORTH DAKOTA,WALSH,FAIRDALE,ND,38,C099,38099,1000,380991000
TEXAS,HOWARD,COAHOMA,TX,48,C227,48227,1410,482271410
ALABAMA,PERRY,SUTTLE,AL,01,C105,01105,2891,011052891
WEST VIRGINIA,ROANE,LOONEYVILLE,WV,54,C087,54087,1509,540871509
NORTH DAKOTA,MERCER,BEULAH,ND,38,C057,38057,0330,380570330
VIRGINIA,NOTTOWAY,BLACKSTONE,VA,51,C135,51135,0190,511350190
UTAH,WAYNE,BICKNELL,UT,49,C055,49055,0100,490550100
KENTUCKY,BOONE,WALTON,KY,21,C015,21015,3400,210153400
KENTUCKY,LESLIE,ROARK,KY,21,C131,21131,2755,211312755
NEW YORK,TOMPKINS,FREEVILLE,NY,36,C109,36109,2170,361092170
LOUISIANA,PLAQUEMINES,PORT SULPHUR,LA,22,C075,22075,1945,220751945
ILLINOIS,LAKE,MUNDELEIN,IL,17,C097,17097,5940,170975940
MISSISSIPPI,PANOLA,BATESVILLE,MS,28,C107,28107,0120,281070120
ALABAMA,CLEBURNE,BORDEN SPRINGS,AL,01,C029,01029,0430,010290430
NORTH CAROLINA,WILKES,MCGRADY,NC,37,C193,37193,2802,371932802
LOUISIANA,POINTE COUPEE,MORGANZA,LA,22,C077,22077,1610,220771610
WISCONSIN,MANITOWOC,OSMAN,WI,55,C071,55071,3625,550713625
WASHINGTON,WHATCOM,SUMAS,WA,53,C073,53073,2200,530732200
WEST VIRGINIA,GREENBRIER,RONCEVERTE,WV,54,C025,54025,2340,540252340
MINNESOTA,BENTON,RONNEBY,MN,27,C009,27009,6010,270096010
SOUTH CAROLINA,SALUDA,WARD,SC,45,C081,45081,2730,450812730
MICHIGAN,IONIA,LAKE ODESSA,MI,26,C067,26067,2650,260672650
CALIFORNIA,TRINITY,SALYER,CA,06,C105,06105,3185,061053185
LOUISIANA,MOREHOUSE,COLLINSTON,LA,22,C067,22067,0440,220670440
KANSAS,COWLEY,ROCK,KS,20,C035,20035,4772,200354772
NORTH DAKOTA,BURLEIGH,STERLING,ND,38,C015,38015,2985,380152985
NEBRASKA,HOLT,INMAN,NE,31,C089,31089,2600,310892600
TEXAS,JEFFERSON,PORT ARTHUR,TX,48,C245,48245,5430,482455430
NEW HAMPSHIRE,MERRIMACK,"SUNCOOK, PEMBROKE",NH,33,C013,33013,0491,330130491
NEW YORK,DELAWARE,DOWNSVILLE,NY,36,C025,36025,1570,360251570
OHIO,ROSS,FRANKFORT,OH,39,C141,39141,2700,391412700
VIRGINIA,WARREN,BENTONVILLE,VA,51,C187,51187,0155,511870155
NEW YORK,LIVINGSTON,TUSCARORA,NY,36,C051,36051,6162,360516162
MAINE,AROOSTOOK,"LORING AFB, LIMESTONE",ME,23,C003,23003,4675,230034675
CALIFORNIA,SHASTA,OAK RUN,CA,06,C089,06089,2487,060892487
TEXAS,BOWIE,SOUTH TEXARKANA,TX,48,C037,48037,6520,480376520
HAWAII,MAUI,KALAUPAPA,HI,15,C009,15009,3300,150093300
IOWA,GRUNDY,WELLSBURG,IA,19,C075,19075,8910,190758910
OHIO,JEFFERSON,CONNOR,OH,39,C081,39081,1853,390811853
MISSOURI,CASS,CLEVELAND,MO,29,C037,29037,1710,290371710
NEW YORK,NASSAU,PORT WASHINGTON NORTH,NY,36,C059,36059,5010,360595010
ARKANSAS,OUACHITA,OGEMAW,AR,05,C103,05103,2922,051032922
NEW YORK,ONEIDA,FLOYD,NY,36,C065,36065,2043,360652043
WEST VIRGINIA,MINERAL,FORT ASHBY,WV,54,C057,54057,0934,540570934
MISSOURI,PULASKI,DEVILS ELBOW,MO,29,C169,29169,2215,291692215
NEW YORK,ST LAWRENCE,NORFOLK,NY,36,C089,36089,4240,360894240
NORTH CAROLINA,HENDERSON,ETOWAH,NC,37,C089,37089,1565,370891565
WEST VIRGINIA,RITCHIE,MACFARLAN,WV,54,C085,54085,1554,540851554
MASSACHUSETTS,WORCESTER,ASHBURNHAM,MA,25,C027,25027,0032,250270032
MICHIGAN,GENESEE,GAINES,MI,26,C049,26049,1880,260491880
WASHINGTON,YAKIMA,SUNNYSIDE,WA,53,C077,53077,2220,530772220
TEXAS,MCLENNAN,BELLMEAD,TX,48,C309,48309,0545,483090545
MICHIGAN,HURON,KINDE,MI,26,C063,26063,2560,260632560
TEXAS,FAYETTE,WARDA,TX,48,C149,48149,7252,481497252
KENTUCKY,MAGOFFIN,MARSHALLVILLE,KY,21,C153,21153,2177,211532177
WEST VIRGINIA,LOGAN,PEACH CREEK,WV,54,C045,54045,2077,540452077
CALIFORNIA,LOS ANGELES,WALNUT,CA,06,C037,06037,4069,060374069
NORTH CAROLINA,RICHMOND,W ROCKINGHAM,NC,37,C153,37153,4990,371534990
ALABAMA,JACKSON,FACKLER,AL,01,C071,01071,1094,010711094
NORTH CAROLINA,CARTERET,STACY,NC,37,C031,37031,4384,370314384
MICHIGAN,NEWAYGO,WHITE CLOUD,MI,26,C123,26123,5190,261235190
FLORIDA,MIAMI-DADE,HOMESTEAD AFB,FL,12,C086,12086,1441,120861441
IOWA,CLINTON,GOOSELAKE,IA,19,C045,19045,3300,190453300
NEW MEXICO,DONA ANA,LA UNION,NM,35,C013,35013,0492,350130492
MISSOURI,IRON,VULCAN,MO,29,C093,29093,8059,290938059
MAINE,CUMBERLAND,SOUTH CASCO,ME,23,C005,23005,7456,230057456
MONTANA,MINERAL,LOZEAU,MT,30,C061,30061,0752,300610752
WYOMING,SUBLETTE,PINEDALE,WY,56,C035,56035,0650,560350650
COLORADO,SEDGWICK,OVID,CO,08,C115,08115,1900,081151900
MISSOURI,SULLIVAN,NEWTOWN,MO,29,C211,29211,5710,292115710
NEW JERSEY,GLOUCESTER,WILLIAMSTOWN,NJ,34,C015,34015,3690,340153690
ILLINOIS,MCLEAN,COLFAX,IL,17,C113,17113,1890,171131890
ILLINOIS,LAKE,CHANNEL LAKE,IL,17,C097,17097,1567,170971567
FLORIDA,ORANGE,OCOEE,FL,12,C095,12095,2290,120952290
SOUTH DAKOTA,FALL RIVER,HOT SPRINGS,SD,46,C047,46047,1360,460471360
INDIANA,NEWTON,SUMAVA RESORTS,IN,18,C111,18111,4769,181114769
WASHINGTON,LEWIS,CINEBAR,WA,53,C041,53041,0354,530410354
SOUTH DAKOTA,MARSHALL,LANGFORD,SD,46,C091,46091,1590,460911590
WISCONSIN,MANITOWOC,REEDSVILLE,WI,55,C071,55071,4030,550714030
KENTUCKY,PIKE,TOLER,KY,21,C195,21195,3278,211953278
WISCONSIN,WALWORTH,WALWORTH,WI,55,C127,55127,5010,551275010
KENTUCKY,MAGOFFIN,LICKBURG,KY,21,C153,21153,1995,211531995
INDIANA,LAWRENCE,HELTONVILLE,IN,18,C093,18093,2084,180932084
MARYLAND,BALTIMORE,BORING,MD,24,C005,24005,0165,240050165
KENTUCKY,WARREN,BOWLING GREEN,KY,21,C227,21227,0350,212270350
WYOMING,LARAMIE,PINE BLUFFS,WY,56,C021,56021,0640,560210640
NEW MEXICO,GRANT,PINOS ALTOS,NM,35,C017,35017,0621,350170621
MISSISSIPPI,LAFAYETTE,PARIS,MS,28,C071,28071,1897,280711897
NORTH DAKOTA,LA MOURE,VERONA,ND,38,C045,38045,3200,380453200
CALIFORNIA,SONOMA,KENWOOD,CA,06,C097,06097,1751,060971751
TEXAS,HILL,HUBBARD,TX,48,C217,48217,3300,482173300
UTAH,SALT LAKE,BENNION,UT,49,C035,49035,0093,490350093
MARYLAND,FREDERICK,ROCKY RIDGE,MD,24,C021,24021,1358,240211358
MISSOURI,PLATTE,PLATTE CITY,MO,29,C165,29165,6320,291656320
IDAHO,OWYHEE,GRAND VIEW,ID,16,C073,16073,0622,160730622
NEW YORK,ERIE,EVANS,NY,36,C029,36029,1899,360291899
TENNESSEE,DICKSON,WHITE BLUFF,TN,47,C043,47043,2550,470432550
MICHIGAN,ALLEGAN,BRADLEY,MI,26,C005,26005,0545,260050545
NEW YORK,OTSEGO,COOPERSTOWN,NY,36,C077,36077,1320,360771320
PENNSYLVANIA,MONROE,REEDERS,PA,42,C089,42089,6927,420896927
HAWAII,KAUAI,KILAUEA,HI,15,C007,15007,4900,150074900
MICHIGAN,BERRIEN,GLENDORA,MI,26,C021,26021,1954,260211954
PENNSYLVANIA,PERRY,ICKESBURG,PA,42,C099,42099,3851,420993851
ILLINOIS,COOK,MATTESON,IL,17,C031,17031,5380,170315380
MINNESOTA,WINONA,WINONA,MN,27,C169,27169,7660,271697660
FLORIDA,BROWARD,LAUDERDALE-BY-THE-SEA,FL,12,C011,12011,1780,120111780
FLORIDA,BRADFORD,LAWTEY,FL,12,C007,12007,1800,120071800
IOWA,JEFFERSON,MAHARISHI VEDIC CITY,IA,19,C101,19101,5133,191015133
ILLINOIS,GALLATIN,JUNCTION,IL,17,C059,17059,4339,170594339
TEXAS,ERATH,STEPHENVILLE,TX,48,C143,48143,6590,481436590
LOUISIANA,ST LANDRY,EUNICE,LA,22,C097,22097,0720,220970720
OKLAHOMA,MAYES,LANGLEY,OK,40,C097,40097,2720,400972720
NEW YORK,NASSAU,GREAT NECK ESTATES,NY,36,C059,36059,2380,360592380
COLORADO,KIOWA,EADS,CO,08,C061,08061,0660,080610660
ARKANSAS,SEARCY,LESLIE,AR,05,C129,05129,2280,051292280
MICHIGAN,ALLEGAN,GRAAFSCHAP,MI,26,C005,26005,1967,260051967
VERMONT,WINDSOR,UNION VILLAGE,VT,50,C027,50027,0663,500270663
MISSOURI,PERRY,BRAZEAU,MO,29,C157,29157,1016,291571016
SOUTH CAROLINA,ANDERSON,PENDLETON,SC,45,C007,45007,2000,450072000
UTAH,UINTAH,FORT DUCHESNE,UT,49,C047,49047,0507,490470507
MICHIGAN,CLARE,FARWELL,MI,26,C035,26035,1660,260351660
VIRGINIA,MONTGOMERY,CHRISTIANSBURG,VA,51,C121,51121,0500,511210500
ILLINOIS,MASON,FOREST CITY,IL,17,C125,17125,3095,171253095
INDIANA,GRANT,FOWLERTON,IN,18,C053,18053,1610,180531610
MISSISSIPPI,CLAY,WEST POINT,MS,28,C025,28025,2810,280252810
COLORADO,TELLER,GREEN MOUNTAIN FALLS,CO,08,C119,08119,1080,081191080
COLORADO,EAGLE,EDWARDS,CO,08,C037,08037,0705,080370705
MICHIGAN,MONROE,PETERSBURG,MI,26,C115,26115,3920,261153920
SOUTH CAROLINA,SALUDA,MONETTA,SC,45,C081,45081,1681,450811681
TEXAS,EASTLAND,SCRANTON,TX,48,C133,48133,6246,481336246
NORTH CAROLINA,HALIFAX,WELDON,NC,37,C083,37083,4930,370834930
KENTUCKY,KNOTT,BRINKLEY,KY,21,C119,21119,0376,211190376
MONTANA,POWDER RIVER,COALWOOD,MT,30,C075,30075,0252,300750252
LOUISIANA,TANGIPAHOA,ROBERT,LA,22,C105,22105,2043,221052043
ALABAMA,WALKER,ELDRIDGE,AL,01,C127,01127,1012,011271012
SOUTH DAKOTA,PENNINGTON,NEW UNDERWOOD,SD,46,C103,46103,1970,461031970
KENTUCKY,LETCHER,THORNTON,KY,21,C133,21133,3273,211333273
KENTUCKY,LOGAN,RICHELIEU,KY,21,C141,21141,2752,211412752
NEW YORK,MADISON,LEONARDSVILLE,NY,36,C053,36053,3204,360533204
CALIFORNIA,SAN DIEGO,NAVAL STATION SAN DIEGO,CA,06,C073,06073,2344,060732344
MISSISSIPPI,LEFLORE,SWIFTOWN,MS,28,C083,28083,2515,280832515
SOUTH CAROLINA,SUMTER,SHANNONTOWN,SC,45,C085,45085,2350,450852350
VIRGINIA,WESTMORELAND,WESTMORELAND,VA,51,C193,51193,2623,511932623
NEW YORK,STEUBEN,COOPERS PLAINS,NY,36,C101,36101,1319,361011319
WISCONSIN,CHIPPEWA,CHIPPEWA FALLS,WI,55,C017,55017,1000,550171000
NEW YORK,CATTARAUGUS,ELLICOTTVILLE,NY,36,C009,36009,1830,360091830
TENNESSEE,DAVIDSON,JOELTON,TN,47,C037,47037,1245,470371245
MISSOURI,CHRISTIAN,NIXA,MO,29,C043,29043,5730,290435730
MASSACHUSETTS,BRISTOL,SWANSEA,MA,25,C005,25005,1268,250051268
WEST VIRGINIA,MONROE,BOZOO,WV,54,C063,54063,0286,540630286
NEW YORK,DELAWARE,DELHI,NY,36,C025,36025,1490,360251490
OREGON,JACKSON,PROSPECT,OR,41,C029,41029,1702,410291702
IOWA,FRANKLIN,GENEVA,IA,19,C069,19069,3190,190693190
MINNESOTA,TODD,BURTRUM,MN,27,C153,27153,0960,271530960
ARKANSAS,YELL,WING,AR,05,C149,05149,4235,051494235
ARIZONA,YAVAPAI,CORNVILLE,AZ,04,C025,04025,0116,040250116
ARKANSAS,STONE,PLEASANT GROVE,AR,05,C137,05137,3165,051373165
PENNSYLVANIA,ARMSTRONG,TEMPLETON,PA,42,C005,42005,8405,420058405
INDIANA,ST JOSEPH,SOUTH BEND,IN,18,C141,18141,4580,181414580
MISSOURI,ST CLAIR,LOWRY CITY,MO,29,C185,29185,4730,291854730
PENNSYLVANIA,ERIE,PLATEA,PA,42,C049,42049,6619,420496619
MICHIGAN,ONTONAGON,BRUCE CROSSING,MI,26,C131,26131,0635,261310635
NEBRASKA,HARLAN,HUNTLEY,NE,31,C083,31083,2550,310832550
WEST VIRGINIA,GREENBRIER,EAST RAINELLE,WV,54,C025,54025,0730,540250730
MASSACHUSETTS,HAMPDEN,PALMER,MA,25,C013,25013,0990,250130990
TEXAS,NAVARRO,EMHOUSE,TX,48,C349,48349,2210,483492210
ARIZONA,PINAL,VALLEY FARMS,AZ,04,C021,04021,0533,040210533
VIRGINIA,NORTHUMBERLAND,OPHELIA,VA,51,C133,51133,1837,511331837
TEXAS,CALHOUN,POINT COMFORT,TX,48,C057,48057,5412,480575412
CALIFORNIA,YUBA,BROWNS VALLEY,CA,06,C115,06115,0473,061150473
IOWA,LINN,CENTRAL CITY,IA,19,C113,19113,1380,191131380
CALIFORNIA,CONTRA COSTA,SAN RAMON,CA,06,C013,06013,3412,060133412
MARYLAND,CHARLES,FAULKNER,MD,24,C017,24017,0557,240170557
NEW MEXICO,MORA,OJO FELIZ,NM,35,C033,35033,0618,350330618
KENTUCKY,MARTIN,BEAUTY,KY,21,C159,21159,0205,211590205
IOWA,OSCEOLA,MELVIN,IA,19,C143,19143,5500,191435500
KENTUCKY,GRANT,JONESVILLE,KY,21,C081,21081,1757,210811757
PENNSYLVANIA,WASHINGTON,DUNLEVY,PA,42,C125,42125,2115,421252115
IOWA,RINGGOLD,KELLERTON,IA,19,C159,19159,4200,191594200
VERMONT,WINDHAM,SOUTH LONDONDERRY,VT,50,C025,50025,0627,500250627
NORTH CAROLINA,DUPLIN,MOUNT OLIVE,NC,37,C061,37061,3200,370613200
KENTUCKY,JEFFERSON,HOLLYVILLA,KY,21,C111,21111,1605,211111605
IOWA,IOWA,CONROY,IA,19,C095,19095,1795,190951795
WASHINGTON,YAKIMA,BROWNSTOWN,WA,53,C077,53077,0204,530770204
CALIFORNIA,LOS ANGELES,SOUTH EL MONTE,CA,06,C037,06037,3686,060373686
TEXAS,GRAYSON,GORDONVILLE,TX,48,C181,48181,2731,481812731
MISSOURI,CHRISTIAN,SPOKANE,MO,29,C043,29043,7448,290437448
NORTH CAROLINA,MARTIN,HAMILTON,NC,37,C117,37117,2000,371172000
GEORGIA,JENKINS,MILLEN,GA,13,C165,13165,3630,131653630
NORTH CAROLINA,TRANSYLVANIA,CEDAR MOUNTAIN,NC,37,C175,37175,0838,371750838
COLORADO,LAS ANIMAS,JANSEN,CO,08,C071,08071,1291,080711291
MISSOURI,NEWTON,DENNIS ACRES,MO,29,C145,29145,2155,291452155
IOWA,MARION,COLUMBIA,IA,19,C125,19125,1742,191251742
WEST VIRGINIA,LOGAN,CROWN,WV,54,C045,54045,0620,540450620
MISSOURI,CLINTON,TURNEY,MO,29,C049,29049,7830,290497830
ALASKA,BETHEL,OSCARVILLE,AK,02,C050,02050,1980,020501980
MASSACHUSETTS,HAMPSHIRE,SOUTH HADLEY,MA,25,C015,25015,1230,250151230
WEST VIRGINIA,RITCHIE,ELLENBORO,WV,54,C085,54085,0820,540850820
OHIO,MIAMI,COVINGTON,OH,39,C109,39109,1930,391091930
ARKANSAS,CROSS,TWIST,AR,05,C037,05037,3895,050373895
NEBRASKA,ANTELOPE,TILDEN,NE,31,C003,31003,4860,310034860
ARIZONA,MARICOPA,WICKENBURG,AZ,04,C013,04013,0570,040130570
NEBRASKA,BOONE,CEDAR RAPIDS,NE,31,C011,31011,0920,310110920
VIRGINIA,FAUQUIER,MORRISVILLE,VA,51,C061,51061,1651,510611651
COLORADO,ARCHULETA,CHIMNEY ROCK,CO,08,C007,08007,0392,080070392
LOUISIANA,WEBSTER,MINDEN,LA,22,C119,22119,1550,221191550
PENNSYLVANIA,NORTHAMPTON,WALNUTPORT,PA,42,C095,42095,8820,420958820
COLORADO,DELTA,LAZEAR,CO,08,C029,08029,1484,080291484
NEW MEXICO,CURRY,MELROSE,NM,35,C009,35009,0580,350090580
MAINE,SOMERSET,NORTH ANSON,ME,23,C025,23025,5494,230255494
OHIO,LOGAN,LAKEVIEW,OH,39,C091,39091,4020,390914020
ARIZONA,YAVAPAI,RIMROCK,AZ,04,C025,04025,0394,040250394
NORTH DAKOTA,MCLEAN,BENEDICT,ND,38,C055,38055,0280,380550280
NORTH CAROLINA,CASWELL,YANCEYVILLE,NC,37,C033,37033,5210,370335210
PENNSYLVANIA,ERIE,EDINBORO,PA,42,C049,42049,2470,420492470
VIRGINIA,GOOCHLAND,CROZIER,VA,51,C075,51075,0686,510750686
KENTUCKY,LAWRENCE,BLAINE,KY,21,C127,21127,0304,211270304
WISCONSIN,IOWA,BLANCHARDVILLE,WI,55,C049,55049,0560,550490560
MISSISSIPPI,SCOTT,FORKVILLE,MS,28,C123,28123,0881,281230881
NEW YORK,LIVINGSTON,GROVELAND,NY,36,C051,36051,2461,360512461
IOWA,FAYETTE,DONNAN,IA,19,C065,19065,2360,190652360
PENNSYLVANIA,MONTGOMERY,BRYN ATHYN,PA,42,C091,42091,0990,420910990
ARKANSAS,CHICOT,LAKE VILLAGE,AR,05,C017,05017,2210,050172210
ALABAMA,CALHOUN,ALEXANDRIA,AL,01,C015,01015,0062,010150062
NEW JERSEY,MONMOUTH,LITTLE SILVER,NJ,34,C025,34025,1740,340251740
OREGON,DESCHUTES,LA PINE,OR,41,C017,41017,1205,410171205
MASSACHUSETTS,WORCESTER,LEICESTER,MA,25,C027,25027,0585,250270585
MINNESOTA,HENNEPIN,OSSEO,MN,27,C053,27053,5470,270535470
ILLINOIS,CALHOUN,BATCHTOWN,IL,17,C013,17013,0564,170130564
ILLINOIS,COOK,LINCOLNWOOD,IL,17,C031,17031,4860,170314860
MARYLAND,KENT,BETTERTON,MD,24,C029,24029,0140,240290140
SOUTH DAKOTA,JACKSON,LONGVALLEY,SD,46,C071,46071,1681,460711681
NEW YORK,SULLIVAN,SUMMITVILLE,NY,36,C105,36105,6005,361056005
OHIO,DARKE,PALESTINE,OH,39,C037,39037,6330,390376330
UTAH,TOOELE,HILL AIR FORCE RANGE,UT,49,C045,49045,0696,490450696
PENNSYLVANIA,CLINTON,MILL HALL,PA,42,C035,42035,5280,420355280
VERMONT,CHITTENDEN,CHARLOTTE,VT,50,C007,50007,0149,500070149
NORTH CAROLINA,MADISON,MARSHALL,NC,37,C115,37115,2910,371152910
RHODE ISLAND,PROVIDENCE,LINCOLN,RI,44,C007,44007,0112,440070112
KENTUCKY,PIKE,BOLDMAN,KY,21,C195,21195,0335,211950335
NEBRASKA,NEMAHA,AUBURN,NE,31,C127,31127,0250,311270250
NEBRASKA,VALLEY,NORTH LOUP,NE,31,C175,31175,3510,311753510
MAINE,WALDO,BELMONT,ME,23,C027,23027,0425,230270425
KENTUCKY,ELLIOTT,STEPHENS,KY,21,C063,21063,3194,210633194
ARKANSAS,MONTGOMERY,NORMAN,AR,05,C097,05097,2860,050972860
NEW YORK,SCHOHARIE,SCHOHARIE,NY,36,C095,36095,5570,360955570
TEXAS,DALLAS,CARROLLTON,TX,48,C113,48113,1190,481131190
MICHIGAN,WAYNE,DEARBORN,MI,26,C163,26163,1210,261631210
TEXAS,GALVESTON,ARCADIA,TX,48,C167,48167,0249,481670249
ILLINOIS,GREENE,GREENFIELD,IL,17,C061,17061,3600,170613600
UTAH,SAN JUAN,MEXICAN HAT,UT,49,C037,49037,1111,490371111
PENNSYLVANIA,BLAIR,CLAYSBURG,PA,42,C013,42013,1410,420131410
TENNESSEE,GREENE,GREENEVILLE,TN,47,C059,47059,1010,470591010
MISSISSIPPI,UNION,NEW ALBANY,MS,28,C145,28145,1740,281451740
GEORGIA,MONROE,SMARR,GA,13,C207,13207,5042,132075042
INDIANA,MARION,FORT BEN HARRISON,IN,18,C097,18097,1557,180971557
CALIFORNIA,LOS ANGELES,BALDWIN PARK,CA,06,C037,06037,0245,060370245
MICHIGAN,ONTONAGON,BRUCE CROSSING,MI,26,C131,26131,0635,261310635
KANSAS,JOHNSON,COUNTRY SIDE,KS,20,C091,20091,1196,200911196
PENNSYLVANIA,DELAWARE,CHESTER TOWNSHIP,PA,42,C045,42045,1296,420451296
TEXAS,HIDALGO,PHARR,TX,48,C215,48215,5330,482155330
NORTH CAROLINA,CLEVELAND,MOORESBORO,NC,37,C045,37045,3104,370453104
WASHINGTON,SNOHOMISH,SNOHOMISH,WA,53,C061,53061,2030,530612030
VIRGINIA,ROCKBRIDGE,FAIRFIELD,VA,51,C163,51163,0902,511630902
TEXAS,STARR,LA GRULLA,TX,48,C427,48427,3788,484273788
INDIANA,RIPLEY,BATESVILLE,IN,18,C137,18137,0280,181370280
WEST VIRGINIA,FAYETTE,JODIE,WV,54,C019,54019,1321,540191321
OHIO,ADAMS,PEEBLES,OH,39,C001,39001,6430,390016430
IOWA,MARION,SWAN,IA,19,C125,19125,8220,191258220
FLORIDA,PUTNAM,PUTNAM HALL,FL,12,C107,12107,2622,121072622
CALIFORNIA,MODOC,ADIN,CA,06,C049,06049,0004,060490004
GEORGIA,MURRAY,ETON,GA,13,C213,13213,2040,132132040
MICHIGAN,IONIA,PORTLAND,MI,26,C067,26067,4070,260674070
OHIO,PUTNAM,DUPONT,OH,39,C137,39137,2290,391372290
ILLINOIS,BUREAU,KASBEER,IL,17,C011,17011,4401,170114401
SOUTH CAROLINA,CHARLESTON,MEGGETT,SC,45,C019,45019,1650,450191650
MISSOURI,WEBSTER,ELKLAND,MO,29,C225,29225,2428,292252428
NEW YORK,YATES,BLUFF POINT,NY,36,C123,36123,0593,361230593
TENNESSEE,DICKSON,COLESBURG,TN,47,C043,47043,0444,470430444
FLORIDA,MONROE,SUMMERLAND KEY,FL,12,C087,12087,2912,120872912
TEXAS,KARNES,ECLETO,TX,48,C255,48255,2075,482552075
KANSAS,CHAUTAUQUA,PERU,KS,20,C019,20019,4440,200194440
VIRGINIA,KING AND QUEEN,MILLERS TAVERN,VA,51,C097,51097,1621,510971621
MINNESOTA,BELTRAMI,SOLWAY,MN,27,C007,27007,6590,270076590
TEXAS,MCCULLOCH,STACY,TX,48,C307,48307,6565,483076565
WASHINGTON,GRANT,WILSON CREEK,WA,53,C025,53025,2530,530252530
INDIANA,SPENCER,RICHLAND,IN,18,C147,18147,4118,181474118
FLORIDA,GADSDEN,CHATTAHOOCHEE,FL,12,C039,12039,0530,120390530
VIRGINIA,GRAYSON,FRIES,VA,51,C077,51077,1030,510771030
WISCONSIN,ONEIDA,MC NAUGHTON,WI,55,C085,55085,2772,550852772
CALIFORNIA,SUTTER,YUBA CITY SOUTH,CA,06,C101,06101,4285,061014285
SOUTH DAKOTA,FAULK,WECOTA,SD,46,C049,46049,2885,460492885
MONTANA,MADISON,CAMERON,MT,30,C057,30057,0183,300570183
TENNESSEE,LAKE,TIPTONVILLE,TN,47,C095,47095,2390,470952390
MICHIGAN,ALCONA,BARTON CITY,MI,26,C001,26001,0302,260010302
NEW JERSEY,MIDDLESEX,AVENEL,NJ,34,C023,34023,0135,340230135
PENNSYLVANIA,ARMSTRONG,SEMINOLE,PA,42,C005,42005,7483,420057483
NEW MEXICO,CHAVES,LAKE VAN,NM,35,C005,35005,0496,350050496
ILLINOIS,ST CLAIR,ALORTON,IL,17,C163,17163,0120,171630120
MISSOURI,LIVINGSTON,WHEELING,MO,29,C117,29117,8352,291178352
VIRGINIA,BEDFORD,BIG ISLAND,VA,51,C019,51019,0165,510190165
WASHINGTON,PACIFIC,FRANCES,WA,53,C049,53049,0772,530490772
COLORADO,OURAY,OURAY,CO,08,C091,08091,1890,080911890
TEXAS,LAMPASAS,LAMPASAS,TX,48,C281,48281,3870,482813870
IOWA,MARSHALL,ST ANTHONY,IA,19,C127,19127,7520,191277520
VIRGINIA,BUCHANAN,CONAWAY,VA,51,C027,51027,0633,510270633
MINNESOTA,CARLTON,MOOSE LAKE,MN,27,C017,27017,4890,270174890
NEVADA,WHITE PINE,RUTH,NV,32,C033,32033,0180,320330180
WASHINGTON,WHITMAN,ELBERTON,WA,53,C075,53075,0600,530750600
GEORGIA,RABUN,DILLARD,GA,13,C241,13241,1700,132411700
NORTH DAKOTA,MCINTOSH,ZEELAND,ND,38,C051,38051,3460,380513460
PENNSYLVANIA,DELAWARE,CHESTER HTS,PA,42,C045,42045,1280,420451280
TEXAS,WILBARGER,ODELL,TX,48,C487,48487,5010,484875010
ILLINOIS,DU PAGE,GLENDALE HEIGHTS,IL,17,C043,17043,3416,170433416
INDIANA,WHITE,BROOKSTON,IN,18,C181,18181,0540,181810540
INDIANA,HENRY,GREENSBORO,IN,18,C065,18065,1900,180651900
MINNESOTA,DOUGLAS,GARFIELD,MN,27,C041,27041,2600,270412600
MISSOURI,REYNOLDS,BUNKER,MO,29,C179,29179,1181,291791181
ALASKA,SOUTHEAST FAIRBANKS,DELTA JUNCTION,AK,02,C240,02240,0565,022400565
IOWA,RINGGOLD,CLEARFIELD,IA,19,C159,19159,1580,191591580
MICHIGAN,MARQUETTE,HARVEY,MI,26,C103,26103,2215,261032215
WEST VIRGINIA,POCAHONTAS,SEEBERT,WV,54,C075,54075,2405,540752405
WEST VIRGINIA,RANDOLPH,HELVETIA,WV,54,C083,54083,1179,540831179
MICHIGAN,VAN BUREN,KIBBIE,MI,26,C159,26159,2557,261592557
TEXAS,DALLAS,KLEBERG,TX,48,C113,48113,3722,481133722
WISCONSIN,SAUK,ROCK SPRINGS,WI,55,C111,55111,4200,551114200
NORTH CAROLINA,NORTHAMPTON,GEORGE,NC,37,C131,37131,1812,371311812
PENNSYLVANIA,YORK,WRIGHTSVILLE,PA,42,C133,42133,9500,421339500
OKLAHOMA,OSAGE,BOWRING,OK,40,C113,40113,0507,401130507
FLORIDA,PALM BEACH,BELLE GLADE,FL,12,C099,12099,0210,120990210
ILLINOIS,MONTGOMERY,WAGGONER,IL,17,C135,17135,8935,171358935
NEW MEXICO,UNION,FOLSOM,NM,35,C059,35059,0320,350590320
CONNECTICUT,NEW LONDON,LYME,CT,09,C011,09011,0355,090110355
OHIO,HENRY,NAPOLEON,OH,39,C069,39069,5470,390695470
NEW JERSEY,UNION,PLAINFIELD,NJ,34,C039,34039,2630,340392630
ALASKA,KUSILVAK,PILOT STATION,AK,02,C158,02158,2070,021582070
MISSISSIPPI,WAYNE,WAYNESBORO,MS,28,C153,28153,2750,281532750
TENNESSEE,HAMILTON,SHEPHERD,TN,47,C065,47065,2207,470652207
MAINE,FRANKLIN,STRONG,ME,23,C007,23007,8065,230078065
MONTANA,LINCOLN,TROY,MT,30,C053,30053,1170,300531170
COLORADO,LINCOLN,JOHNSON LAKE,CO,08,C073,08073,2645,080732645
FLORIDA,COLLIER,CHOKOLOSKEE,FL,12,C021,12021,0555,120210555
OHIO,SUMMIT,SILVER LAKE,OH,39,C153,39153,7560,391537560
GEORGIA,TOOMBS,OHOOPEE,GA,13,C279,13279,4160,132794160
MISSOURI,ST LOUIS,MOLINE ACRES,MO,29,C189,29189,5300,291895300
MISSISSIPPI,WASHINGTON,DARLOVE,MS,28,C151,28151,0636,281510636
NEW MEXICO,TAOS,PILAR,NM,35,C055,35055,0631,350550631
MARYLAND,WASHINGTON,BOONSBORO,MD,24,C043,24043,0160,240430160
MICHIGAN,ARENAC,STERLING,MI,26,C011,26011,4730,260114730
COLORADO,LARIMER,BUCKINGHAM,CO,08,C069,08069,0265,080690265
OHIO,BELMONT,MARTINS FERRY,OH,39,C013,39013,4780,390134780
PENNSYLVANIA,YORK,SPRING GROVE,PA,42,C133,42133,8050,421338050
FLORIDA,MANATEE,RUBONIA,FL,12,C081,12081,2676,120812676
GEORGIA,RICHMOND,MCBEAN,GA,13,C245,13245,3355,132453355
MINNESOTA,NOBLES,DUNDEE,MN,27,C105,27105,1930,271051930
NEW YORK,SUFFOLK,EAST HAMPTON,NY,36,C103,36103,1650,361031650
UTAH,SEVIER,VENICE,UT,49,C041,49041,2005,490412005
OKLAHOMA,OKLAHOMA,NICOMA PARK,OK,40,C109,40109,3412,401093412
NEW JERSEY,CAMDEN,BLACKWOOD,NJ,34,C007,34007,0310,340070310
TEXAS,ELLIS,RED OAK,TX,48,C139,48139,5685,481395685
CALIFORNIA,LOS ANGELES,COMMERCE,CA,06,C037,06037,0804,060370804
ARKANSAS,MONTGOMERY,CADDO GAP,AR,05,C097,05097,0604,050970604
OKLAHOMA,COMANCHE,FAXON,OK,40,C031,40031,1640,400311640
ALABAMA,HENRY,NEWVILLE,AL,01,C067,01067,2240,010672240
PENNSYLVANIA,BERKS,EVANSVILLE,PA,42,C011,42011,2675,420112675
NORTH CAROLINA,GRANVILLE,OXFORD,NC,37,C077,37077,3460,370773460
PENNSYLVANIA,BEDFORD,CENTERVILLE,PA,42,C009,42009,1170,420091170
MISSOURI,FRANKLIN,ST ALBANS,MO,29,C071,29071,6999,290716999
KENTUCKY,OHIO,HARTFORD,KY,21,C183,21183,1440,211831440
MINNESOTA,RED LAKE,RED LAKE FALLS,MN,27,C125,27125,5830,271255830
NEW YORK,WESTCHESTER,NORTH TARRYTOWN,NY,36,C119,36119,4320,361194320
NEW JERSEY,BERGEN,MONTVALE,NJ,34,C003,34003,2000,340032000
ALASKA,HAINES,HAINES,AK,02,C100,02100,0920,021000920
TEXAS,BEXAR,WINDCREST,TX,48,C029,48029,7528,480297528
NEW YORK,KINGS,NEW YORK-KINGS,NY,36,C047,36047,4170,360474170
NORTH CAROLINA,SAMPSON,ROSEBORO,NC,37,C163,37163,3970,371633970
MASSACHUSETTS,ESSEX,TOPSFIELD,MA,25,C009,25009,1298,250091298
CALIFORNIA,SIERRA,CALPINE,CA,06,C091,06091,0532,060910532
ILLINOIS,JOHNSON,NEW BURNSIDE,IL,17,C087,17087,6083,170876083
LOUISIANA,LAFOURCHE,THIBODAUX,LA,22,C057,22057,2250,220572250
NEBRASKA,HAMILTON,HAMPTON,NE,31,C081,31081,2220,310812220
NORTH DAKOTA,GRANT,RALEIGH,ND,38,C037,38037,2603,380372603
TENNESSEE,SUMNER,BETHPAGE,TN,47,C165,47165,0235,471650235
TEXAS,COLEMAN,TALPA,TX,48,C083,48083,6760,480836760
KANSAS,OTTAWA,BENNINGTON,KS,20,C143,20143,0480,201430480
TENNESSEE,HENDERSON,HURON,TN,47,C077,47077,1189,470771189
IOWA,CEDAR,WEST BRANCH,IA,19,C031,19031,8950,190318950
PENNSYLVANIA,CRAWFORD,ESPYVILLE STATION,PA,42,C039,42039,2654,420392654
CALIFORNIA,LOS ANGELES,BELLFLOWER,CA,06,C037,06037,0305,060370305
MINNESOTA,RAMSEY,MAPLEWOOD,MN,27,C123,27123,4536,271234536
FLORIDA,BREVARD,VALKARIA,FL,12,C009,12009,3034,120093034
GEORGIA,COBB,VININGS,GA,13,C067,13067,5732,130675732
NORTH CAROLINA,GREENE,HOOKERTON,NC,37,C079,37079,2240,370792240
NEW YORK,SCHUYLER,CAYUTA,NY,36,C097,36097,1003,360971003
RHODE ISLAND,WASHINGTON,WAKEFIELD,RI,44,C009,44009,0220,440090220
KANSAS,ALLEN,SAVONBURG,KS,20,C001,20001,4920,200014920
CONNECTICUT,LITCHFIELD,MARBLE DALE,CT,09,C005,09005,0372,090050372
MISSOURI,WASHINGTON,RICHWOODS,MO,29,C221,29221,6782,292216782
CONNECTICUT,HARTFORD,EAST BERLIN,CT,09,C003,09003,0209,090030209
KENTUCKY,CHRISTIAN,FAIRVIEW,KY,21,C047,21047,1085,210471085
KANSAS,JEFFERSON,VALLEY FALLS,KS,20,C087,20087,5530,200875530
NORTH CAROLINA,CHEROKEE,ANDREWS,NC,37,C039,37039,0080,370390080
NEW YORK,WAYNE,ONTARIO,NY,36,C117,36117,4492,361174492
MAINE,AROOSTOOK,WASHBURN,ME,23,C003,23003,8895,230038895
MICHIGAN,ST JOSEPH,COREY LAKE,MI,26,C149,26149,1139,261491139
INDIANA,DUBOIS,BIRDSEYE,IN,18,C037,18037,0350,180370350
MISSISSIPPI,JEFFERSON,RED LICK,MS,28,C063,28063,2114,280632114
COLORADO,BOULDER,NIWOT,CO,08,C013,08013,1766,080131766
KENTUCKY,KENTON,LAKESIDE PARK,KY,21,C117,21117,1880,211171880
ILLINOIS,JACKSON,ELKVILLE,IL,17,C077,17077,2730,170772730
OHIO,HAMILTON,MARIEMONT,OH,39,C061,39061,4720,390614720
ALASKA,PRINCE OF WALES-HYDER CA,KASAAN,AK,02,C198,02198,1210,021981210
GEORGIA,POLK,CEDARTOWN,GA,13,C233,13233,1010,132331010
TENNESSEE,CROCKETT,BELLS,TN,47,C033,47033,0200,470330200
GEORGIA,WILKINSON,IVEY,GA,13,C319,13319,2880,133192880
NEW JERSEY,MERCER,MERCERVILLE,NJ,34,C021,34021,1898,340211898
NORTH CAROLINA,DUPLIN,KENANSVILLE,NC,37,C061,37061,2410,370612410
KANSAS,RUSSELL,WALDO,KS,20,C167,20167,5610,201675610
ALABAMA,CLARKE,FULTON,AL,01,C025,01025,1260,010251260
MISSOURI,DENT,SALEM,MO,29,C065,29065,7130,290657130
VIRGINIA,TAZEWELL,RICHLANDS,VA,51,C185,51185,2050,511852050
OHIO,BROWN,MACON,OH,39,C015,39015,4566,390154566
TEXAS,WICHITA,IOWA PARK,TX,48,C485,48485,3390,484853390
NEW YORK,DELAWARE,ARKVILLE,NY,36,C025,36025,0265,360250265
PENNSYLVANIA,CUMBERLAND,ENOLA,PA,42,C041,42041,2625,420412625
INDIANA,PERRY,TOBINSPORT,IN,18,C123,18123,4864,181234864
COLORADO,GRAND,KREMMLING,CO,08,C049,08049,1380,080491380
TEXAS,NAVARRO,CORSICANA,TX,48,C349,48349,1570,483491570
NEW MEXICO,SANTA FE,MADRID,NM,35,C049,35049,0561,350490561
KANSAS,JOHNSON,STILWELL,KS,20,C091,20091,5230,200915230
FLORIDA,COLLIER,MARCO,FL,12,C021,12021,1926,120211926
NEW YORK,CATTARAUGUS,OTTO,NY,36,C009,36009,4568,360094568
PENNSYLVANIA,DAUPHIN,ROYALTON,PA,42,C043,42043,7210,420437210
NEW MEXICO,SIERRA,CUCHILLO,NM,35,C051,35051,0218,350510218
ILLINOIS,LAKE,ANTIOCH,IL,17,C097,17097,0230,170970230
WISCONSIN,ST CROIX,ROBERTS,WI,55,C109,55109,4160,551094160
WEST VIRGINIA,MONROE,LINDSIDE,WV,54,C063,54063,1482,540631482
MISSOURI,NEWTON,DIAMOND,MO,29,C145,29145,2240,291452240
NEW JERSEY,GLOUCESTER,BARNSBORO,NJ,34,C015,34015,0155,340150155
FLORIDA,OKALOOSA,CINCO BAYOU,FL,12,C091,12091,0562,120910562
MICHIGAN,BARAGA,BARAGA,MI,26,C013,26013,0280,260130280
FLORIDA,PINELLAS,REDINGTON SHORES,FL,12,C103,12103,2652,121032652
WEST VIRGINIA,JACKSON,SANDYVILLE,WV,54,C035,54035,2394,540352394
COLORADO,COSTILLA,SAN PABLO,CO,08,C023,08023,2231,080232231
INDIANA,HANCOCK,CHARLOTTESVILLE,IN,18,C059,18059,0805,180590805
PENNSYLVANIA,BERKS,SHARTLESVILLE,PA,42,C011,42011,7583,420117583
INDIANA,POSEY,NEW HARMONY,IN,18,C129,18129,3470,181293470
ILLINOIS,VERMILION,COLLISON,IL,17,C183,17183,1914,171831914
NORTH CAROLINA,SURRY,LOWGAP,NC,37,C171,37171,2744,371712744
PENNSYLVANIA,LUZERNE,DUPONT,PA,42,C079,42079,2130,420792130
MONTANA,CHOUTEAU,SHONKIN,MT,30,C015,30015,1065,300151065
KANSAS,JACKSON,DELIA,KS,20,C085,20085,1290,200851290
NEW JERSEY,CUMBERLAND,VINELAND,NJ,34,C011,34011,3460,340113460
PENNSYLVANIA,ADAMS,MOUNT PLEASANT,PA,42,C001,42001,5580,420015580
MAINE,CUMBERLAND,POWNAL,ME,23,C005,23005,6410,230056410
OHIO,TUSCARAWAS,BALTIC,OH,39,C157,39157,0440,391570440
FLORIDA,ESCAMBIA,NAVAL AIR STATION PENSACOLA,FL,12,C033,12033,2156,120332156
WISCONSIN,BARRON,PRAIRIE FARM,WI,55,C005,55005,3910,550053910
CALIFORNIA,TUOLUMNE,MI WUK VILLAGE,CA,06,C109,06109,2196,061092196
WISCONSIN,EAU CLAIRE,FAIRCHILD,WI,55,C035,55035,1660,550351660
NORTH DAKOTA,FOSTER,GRACE CITY,ND,38,C031,38031,1268,380311268
ARKANSAS,MADISON,COMBS,AR,05,C087,05087,0852,050870852
IDAHO,BUTTE,HOWE,ID,16,C023,16023,0765,160230765
LOUISIANA,TERREBONNE,HOUMA,LA,22,C109,22109,1070,221091070
KANSAS,STAFFORD,RADIUM,KS,20,C185,20185,4630,201854630
WEST VIRGINIA,RALEIGH,STOTESBURY,WV,54,C081,54081,2560,540812560
PENNSYLVANIA,FAYETTE,ROWES RUN,PA,42,C051,42051,7200,420517200
MARYLAND,ANNE ARUNDEL,SHADY SIDE,MD,24,C003,24003,1428,240031428
MASSACHUSETTS,BERKSHIRE,DRURY,MA,25,C003,25003,0262,250030262
NORTH DAKOTA,MOUNTRAIL,ROSS,ND,38,C061,38061,2735,380612735
LOUISIANA,EAST BATON ROUGE,ZACHARY,LA,22,C033,22033,2490,220332490
ARKANSAS,CROSS,TWIST,AR,05,C037,05037,3895,050373895
MARYLAND,ANNE ARUNDEL,SHORE ACRES,MD,24,C003,24003,1446,240031446
MARYLAND,CARROLL,ELDERSBURG,MD,24,C013,24013,0505,240130505
KANSAS,DOUGLAS,EUDORA,KS,20,C045,20045,1730,200451730
MISSISSIPPI,HUMPHREYS,SILVER CITY,MS,28,C053,28053,2370,280532370
MICHIGAN,BERRIEN,COLOMA,MI,26,C021,26021,1040,260211040
NEW JERSEY,SOMERSET,GREEN BROOK,NJ,34,C035,34035,1194,340351194
PENNSYLVANIA,CLINTON,RENOVO,PA,42,C035,42035,6940,420356940
ARKANSAS,GARLAND,BUCKVILLE,AR,05,C051,05051,0583,050510583
VIRGINIA,HALIFAX,SCOTTSBURG,VA,51,C083,51083,2220,510832220
PENNSYLVANIA,WESTMORELAND,LATROBE,PA,42,C129,42129,4290,421294290
SOUTH DAKOTA,YANKTON,GAYVILLE,SD,46,C135,46135,1120,461351120
KANSAS,JEFFERSON,GRANTVILLE,KS,20,C087,20087,2142,200872142
MICHIGAN,LIVINGSTON,PINCKNEY,MI,26,C093,26093,3970,260933970
ALABAMA,MARION,HAMILTON,AL,01,C093,01093,1540,010931540
NEW YORK,ONEIDA,WASHINGTON MILLS,NY,36,C065,36065,6416,360656416
WASHINGTON,SPOKANE,PARKWATER,WA,53,C063,53063,1655,530631655
NEW YORK,ROCKLAND,NEW CITY,NY,36,C087,36087,4063,360874063
TEXAS,WEBB,AGUILARES,TX,48,C479,48479,0045,484790045
WASHINGTON,WALLA WALLA,WALLA WALLA,WA,53,C071,53071,2390,530712390
NEW YORK,ESSEX,NEWCOMB,NY,36,C031,36031,4064,360314064
SOUTH CAROLINA,ANDERSON,LA FRANCE,SC,45,C007,45007,1318,450071318
MINNESOTA,MOWER,LANSING,MN,27,C099,27099,4035,270994035
WISCONSIN,DUNN,ELK MOUND,WI,55,C033,55033,1560,550331560
SOUTH CAROLINA,ABBEVILLE,DONALDS,SC,45,C001,45001,0630,450010630
MISSISSIPPI,AMITE,GLOSTER,MS,28,C005,28005,0960,280050960
CALIFORNIA,SAN MATEO,SAN MATEO,CA,06,C081,06081,3390,060813390
ALASKA,BETHEL,KALSKAG,AK,02,C050,02050,1170,020501170
NORTH CAROLINA,ORANGE,CHAPEL HILL,NC,37,C135,37135,0860,371350860
MARYLAND,PRINCE GEORGE'S,DILLON PARK,MD,24,C033,24033,0447,240330447
ALABAMA,CALHOUN,BLUE MOUNTAIN,AL,01,C015,01015,0380,010150380
ILLINOIS,LOGAN,MT PULASKI,IL,17,C107,17107,5880,171075880
TEXAS,HARRIS,MISSOURI CITY,TX,48,C201,48201,4655,482014655
OKLAHOMA,BRYAN,BOKCHITO,OK,40,C013,40013,0470,400130470
ILLINOIS,BOND,OLD RIPLEY,IL,17,C005,17005,6505,170056505
WEST VIRGINIA,MARION,FARMINGTON,WV,54,C049,54049,0880,540490880
ILLINOIS,MACOUPIN,WILSONVILLE,IL,17,C117,17117,9400,171179400
ALASKA,FAIRBANKS NORTH STAR,MURPHY DOME,AK,02,C090,02090,1666,020901666
ALABAMA,CLEBURNE,FRUITHURST,AL,01,C029,01029,1250,010291250
NORTH DAKOTA,DUNN,KILLDEER,ND,38,C025,38025,1670,380251670
TEXAS,BEXAR,SAINT HEDWIG,TX,48,C029,48029,6067,480296067
PENNSYLVANIA,FAYETTE,ISABELLA,PA,42,C051,42051,3902,420513902
NEW YORK,OTSEGO,WEST EDMESTON,NY,36,C077,36077,6569,360776569
ILLINOIS,MCLEAN,MERNA,IL,17,C113,17113,5495,171135495
TEXAS,CASS,AVINGER,TX,48,C067,48067,0360,480670360
MISSOURI,TANEY,KISSEE MILLS,MO,29,C213,29213,4244,292134244
PENNSYLVANIA,BRADFORD,SUGAR RUN,PA,42,C015,42015,8233,420158233
NEW MEXICO,RIO ARRIBA,CHIMAYO,NM,35,C039,35039,0158,350390158
NEW JERSEY,CAMDEN,ASHLAND,NJ,34,C007,34007,0079,340070079
PENNSYLVANIA,CUMBERLAND,NEW CUMBERLAND ARMY DEP,PA,42,C041,42041,5811,420415811
OHIO,GUERNSEY,LORE CITY,OH,39,C059,39059,4370,390594370
ALABAMA,BALDWIN,POINT CLEAR,AL,01,C003,01003,2515,010032515
TEXAS,TRAVIS,SAN LEANNA,TX,48,C453,48453,6162,484536162
TEXAS,DE WITT,NORDHEIM,TX,48,C123,48123,4930,481234930
MISSISSIPPI,BOLIVAR,DUNCAN,MS,28,C011,28011,0730,280110730
NEW YORK,SULLIVAN,WHITE SULPHUR SPRINGS,NY,36,C105,36105,6685,361056685
OHIO,SUMMIT,SAGAMORE,OH,39,C153,39153,7184,391537184
NEW MEXICO,QUAY,FORREST,NM,35,C037,35037,0321,350370321
ALABAMA,MADISON,OAKWOOD COLLEGE,AL,01,C089,01089,2310,010892310
CALIFORNIA,SAN DIEGO,BOULEVARD,CA,06,C073,06073,0422,060730422
ILLINOIS,ST CLAIR,MASCOUTAH,IL,17,C163,17163,5340,171635340
WASHINGTON,KING,BURTON,WA,53,C033,53033,0235,530330235
MICHIGAN,BARAGA,ASSININS,MI,26,C013,26013,0183,260130183
VIRGINIA,GRAYSON,INDEPENDENCE,VA,51,C077,51077,1300,510771300
TEXAS,JOHNSON,GRANDVIEW,TX,48,C251,48251,2820,482512820
ALABAMA,DE KALB,HENAGAR,AL,01,C049,01049,1632,010491632
CALIFORNIA,SANTA CLARA,CAMPBELL,CA,06,C085,06085,0537,060850537
TEXAS,EL PASO,LA ISLA,TX,48,C141,48141,3793,481413793
COLORADO,KIT CARSON,FLAGLER,CO,08,C063,08063,0820,080630820
PENNSYLVANIA,CLEARFIELD,UTAHVILLE,PA,42,C033,42033,8721,420338721
COLORADO,RIO GRANDE,LARIAT,CO,08,C105,08105,1450,081051450
TEXAS,MCCULLOCH,STACY,TX,48,C307,48307,6565,483076565
MINNESOTA,STEARNS,BELGRADE,MN,27,C145,27145,0480,271450480
MASSACHUSETTS,WORCESTER,HOPEDALE,MA,25,C027,25027,0510,250270510
TEXAS,EASTLAND,DESDEMONA,TX,48,C133,48133,1865,481331865
SOUTH CAROLINA,SPARTANBURG,ENOREE,SC,45,C083,45083,0810,450830810
MISSISSIPPI,NOXUBEE,PAULETTE,MS,28,C103,28103,1913,281031913
CALIFORNIA,MERCED,DOS PALOS,CA,06,C047,06047,1040,060471040
MARYLAND,HARFORD,BEL AIR,MD,24,C025,24025,0090,240250090
ILLINOIS,KANE,BIG ROCK,IL,17,C089,17089,0812,170890812
TEXAS,TARRANT,EULESS,TX,48,C439,48439,2255,484392255
LOUISIANA,WEST FELICIANA,TUNICA,LA,22,C125,22125,2272,221252272
NEW JERSEY,CUMBERLAND,ROADSTOWN,NJ,34,C011,34011,2844,340112844
MISSISSIPPI,HARRISON,ORANGE GROVE,MS,28,C047,28047,1838,280471838
PENNSYLVANIA,MIFFLIN,ALLENSVILLE,PA,42,C087,42087,0114,420870114
NEBRASKA,NEMAHA,JOHNSON,NE,31,C127,31127,2640,311272640
UTAH,WASHINGTON,GUNLOCK,UT,49,C053,49053,0628,490530628
VERMONT,WASHINGTON,NORTH MONTPELIER,VT,50,C023,50023,0436,500230436
IOWA,SAC,SAC CITY,IA,19,C161,19161,7490,191617490
ALASKA,NOME,EGAVIK,AK,02,C180,02180,0645,021800645
SOUTH CAROLINA,DORCHESTER,SUMMERVILLE,SC,45,C035,45035,2530,450352530
OREGON,MARION,FOUR CORNERS,OR,41,C047,41047,0720,410470720
PENNSYLVANIA,LANCASTER,LEXINGTON,PA,42,C071,42071,4455,420714455
ARKANSAS,INDEPENDENCE,THIDA,AR,05,C063,05063,3811,050633811
TEXAS,FLOYD,DOUGHERTY,TX,48,C153,48153,1982,481531982
VERMONT,ORANGE,TUNBRIDGE,VT,50,C017,50017,0662,500170662
KENTUCKY,KNOX,WOOLLUM,KY,21,C121,21121,3686,211213686
NEW JERSEY,MIDDLESEX,KEASBEY,NJ,34,C023,34023,1545,340231545
CALIFORNIA,LOS ANGELES,PASADENA,CA,06,C037,06037,2700,060372700
PENNSYLVANIA,FRANKLIN,ORRSTOWN,PA,42,C055,42055,6268,420556268
MINNESOTA,LYON,COTTONWOOD,MN,27,C083,27083,1520,270831520
KENTUCKY,JEFFERSON,FERN CREEK,KY,21,C111,21111,1125,211111125
NEW MEXICO,ROOSEVELT,PORTALES,NM,35,C041,35041,0640,350410640
MARYLAND,HOWARD,ILCHESTER,MD,24,C027,24027,0836,240270836
SOUTH DAKOTA,LYMAN,LOWER BRULE,SD,46,C085,46085,1687,460851687
OKLAHOMA,PITTSBURG,HARTSHORNE,OK,40,C121,40121,2090,401212090
NEVADA,WASHOE,BLACK SPRINGS,NV,32,C031,32031,0022,320310022
PENNSYLVANIA,JEFFERSON,SPRANKLE MILLS,PA,42,C065,42065,8019,420658019
MICHIGAN,EATON,DELTA MILLS,MI,26,C045,26045,1245,260451245
ARKANSAS,MADISON,PETTIGREW,AR,05,C087,05087,3122,050873122
PENNSYLVANIA,CLEARFIELD,FRENCHVILLE,PA,42,C033,42033,3093,420333093
OHIO,PORTAGE,DEERFIELD,OH,39,C133,39133,2107,391332107
NEW MEXICO,SAN MIGUEL,CONCHAS DAM,NM,35,C047,35047,0203,350470203
ALABAMA,CLAY,DELTA,AL,01,C027,01027,0895,010270895
ARKANSAS,ARKANSAS,ST CHARLES,AR,05,C001,05001,3460,050013460
INDIANA,NEWTON,BROOK,IN,18,C111,18111,0510,181110510
OKLAHOMA,POTTAWATOMIE,BROOKSVILLE,OK,40,C125,40125,0615,401250615
KENTUCKY,JEFFERSON,KOSMOSDALE,KY,21,C111,21111,1825,211111825
NEW MEXICO,SOCORRO,POLVADERA,NM,35,C053,35053,0654,350530654
IOWA,MILLS,MALVERN,IA,19,C129,19129,5170,191295170
CALIFORNIA,KERN,BODFISH,CA,06,C029,06029,0421,060290421
LOUISIANA,ACADIA,RAYNE,LA,22,C001,22001,1980,220011980
ALASKA,COPPER RIVER,MAY CREEK,AK,02,C066,02066,1543,020661543
TEXAS,UPTON,MCCAMEY,TX,48,C461,48461,4210,484614210
KANSAS,JEWELL,BURR OAK,KS,20,C089,20089,0710,200890710
ALASKA,BETHEL,CHUATHBALUK,AK,02,C050,02050,0432,020500432
MICHIGAN,HOUGHTON,DODGEVILLE,MI,26,C061,26061,1306,260611306
MISSISSIPPI,FRANKLIN,BUDE,MS,28,C037,28037,0350,280370350
TENNESSEE,SHELBY,ARLINGTON,TN,47,C157,47157,0090,471570090
LOUISIANA,OUACHITA,RICHWOOD,LA,22,C073,22073,2022,220732022
VIRGINIA,DICKENSON,CLINTWOOD,VA,51,C051,51051,0580,510510580
PENNSYLVANIA,CARBON,LAKE HARMONY,PA,42,C025,42025,4183,420254183
PENNSYLVANIA,CLARION,FISHER,PA,42,C031,42031,2852,420312852
SOUTH DAKOTA,HUTCHINSON,DIMOCK,SD,46,C067,46067,0775,460670775
TEXAS,FREESTONE,FAIRFIELD,TX,48,C161,48161,2280,481612280
ILLINOIS,CHRISTIAN,MOUNT AUBURN,IL,17,C021,17021,5820,170215820
WASHINGTON,SPOKANE,FAIRFIELD,WA,53,C063,53063,0710,530630710
IOWA,POLK,ELKHART,IA,19,C153,19153,2670,191532670
ILLINOIS,LA SALLE,UTICA,IL,17,C099,17099,8772,170998772
PENNSYLVANIA,ALLEGHENY,RANKIN,PA,42,C003,42003,6880,420036880
ILLINOIS,WILLIAMSON,ENERGY,IL,17,C199,17199,2820,171992820
SOUTH DAKOTA,BROWN,FERNEY,SD,46,C013,46013,1006,460131006
COLORADO,ELBERT,SIMLA,CO,08,C039,08039,2320,080392320
CALIFORNIA,AMADOR,IONE,CA,06,C005,06005,1710,060051710
MISSOURI,RANDOLPH,MOBERLY,MO,29,C175,29175,5270,291755270
MICHIGAN,OAKLAND,HAZEL PARK,MI,26,C125,26125,2230,261252230
ILLINOIS,IROQUOIS,BEAVERVILLE,IL,17,C075,17075,0598,170750598
IOWA,CLARKE,WOODBURN,IA,19,C039,19039,9250,190399250
NORTH CAROLINA,RANDOLPH,ARCHDALE,NC,37,C151,37151,0130,371510130
WISCONSIN,LANGLADE,LILY,WI,55,C067,55067,2608,550672608
PENNSYLVANIA,BRADFORD,SYLVANIA,PA,42,C015,42015,8342,420158342
WISCONSIN,ST CROIX,STAR PRAIRIE,WI,55,C109,55109,4590,551094590
GEORGIA,CARROLL,CARROLLTON,GA,13,C045,13045,0970,130450970
KENTUCKY,PERRY,HAPPY,KY,21,C193,21193,1395,211931395
INDIANA,DELAWARE,ALBANY,IN,18,C035,18035,0050,180350050
VIRGINIA,PITTSYLVANIA,CALLANDS,VA,51,C143,51143,0384,511430384
ARKANSAS,SHARP,WILLIFORD,AR,05,C135,05135,4180,051354180
NEW YORK,ERIE,LAWTONS,NY,36,C029,36029,3192,360293192
ALABAMA,DALLAS,CRAIG AF BASE,AL,01,C047,01047,0805,010470805
VIRGINIA,PITTSYLVANIA,DRY FORK,VA,51,C143,51143,0787,511430787
MISSISSIPPI,HINDS,BYRAM,MS,28,C049,28049,0371,280490371
TEXAS,WALLER,PRAIRIE VIEW,TX,48,C473,48473,5515,484735515
FLORIDA,CLAY,MIDDLEBURG,FL,12,C019,12019,2056,120192056
NORTH CAROLINA,PAMLICO,HOBUCKEN,NC,37,C137,37137,2205,371372205
PENNSYLVANIA,SCHUYLKILL,BARNESVILLE,PA,42,C107,42107,0435,421070435
WASHINGTON,KING,MAPLE VALLEY,WA,53,C033,53033,1264,530331264
MICHIGAN,OSCEOLA,HERSEY,MI,26,C133,26133,2240,261332240
OREGON,LAKE,PAISLEY,OR,41,C037,41037,1600,410371600
VIRGINIA,LUNENBURG,DUNDAS,VA,51,C111,51111,0815,511110815
WISCONSIN,BARRON,RICE LAKE,WI,55,C005,55005,4080,550054080
OHIO,MARION,MARTEL,OH,39,C101,39101,4763,391014763
OHIO,COSHOCTON,BAKERSVILLE,OH,39,C031,39031,0433,390310433
UTAH,GARFIELD,BRYCE CANYON,UT,49,C017,49017,0155,490170155
CALIFORNIA,MENDOCINO,PIERCY,CA,06,C045,06045,2753,060452753
PENNSYLVANIA,POTTER,AUSTIN,PA,42,C105,42105,0320,421050320
NORTH CAROLINA,DAVIDSON,LINWOOD,NC,37,C057,37057,2676,370572676
NEW YORK,CATTARAUGUS,CATTARAUGUS,NY,36,C009,36009,0980,360090980
WYOMING,FREMONT,CROWHEART,WY,56,C013,56013,0155,560130155
GEORGIA,MADISON,COLBERT,GA,13,C195,13195,1230,131951230
VIRGINIA,AMHERST,LOWESVILLE,VA,51,C009,51009,1476,510091476
NEW YORK,ONONDAGA,ONONDAGA,NY,36,C067,36067,4491,360674491
INDIANA,HAMILTON,ATLANTA,IN,18,C057,18057,0200,180570200
MONTANA,PRAIRIE,TERRY,MT,30,C079,30079,1130,300791130
WASHINGTON,ASOTIN,WEST CLARKSTON,WA,53,C003,53003,2470,530032470
PENNSYLVANIA,FULTON,MCCONNELLSBURG,PA,42,C057,42057,4680,420574680
PENNSYLVANIA,NORTHAMPTON,MARTINS CREEK,PA,42,C095,42095,4923,420954923
MINNESOTA,OTTER TAIL,DALTON,MN,27,C111,27111,1610,271111610
KANSAS,HAMILTON,KENDALL,KS,20,C075,20075,2827,200752827
NEW JERSEY,GLOUCESTER,CLAYTON,NJ,34,C015,34015,0620,340150620
NEW YORK,ONEIDA,VERNON CENTER,NY,36,C065,36065,6272,360656272
NORTH DAKOTA,WARD,DONNYBROOK,ND,38,C101,38101,0820,381010820
NEW JERSEY,CAPE MAY,GOSHEN,NJ,34,C009,34009,1191,340091191
MINNESOTA,OTTER TAIL,DENT,MN,27,C111,27111,1800,271111800
IOWA,JEFFERSON,BATAVIA,IA,19,C101,19101,0620,191010620
IOWA,LEE,ARGYLE,IA,19,C111,19111,0335,191110335
WASHINGTON,SKAGIT,EDISON,WA,53,C057,53057,0589,530570589
KANSAS,ELLIS,SCHOENCHEN,KS,20,C051,20051,4960,200514960
CALIFORNIA,SAN DIEGO,SANTEE,CA,06,C073,06073,3499,060733499
NEVADA,DOUGLAS,DRESSLERVILLE,NV,32,C005,32005,0070,320050070
MISSISSIPPI,HARRISON,LYMAN,MS,28,C047,28047,1445,280471445
SOUTH DAKOTA,BRULE,CHAMBERLAIN,SD,46,C015,46015,0540,460150540
TEXAS,GUADALUPE,GERONIMO,TX,48,C187,48187,2635,481872635
ILLINOIS,POPE,DIXON SPRINGS,IL,17,C151,17151,2382,171512382
INDIANA,ALLEN,ARCOLA,IN,18,C003,18003,0175,180030175
MINNESOTA,FREEBORN,GLENVILLE,MN,27,C047,27047,2720,270472720
MISSOURI,KNOX,BARING,MO,29,C103,29103,0480,291030480
WEST VIRGINIA,MINGO,VARNEY,WV,54,C059,54059,2661,540592661
GEORGIA,WALTON,LOGANVILLE,GA,13,C297,13297,3230,132973230
MINNESOTA,HENNEPIN,WAYZATA,MN,27,C053,27053,7440,270537440
CALIFORNIA,LOS ANGELES,PANORAMA CITY,CA,06,C037,06037,2675,060372675
PENNSYLVANIA,MCKEAN,SMETHPORT,PA,42,C083,42083,7770,420837770
NEW YORK,NASSAU,ROSLYN,NY,36,C059,36059,5290,360595290
VERMONT,FRANKLIN,MONTGOMERY CENTER,VT,50,C011,50011,0374,500110374
TENNESSEE,KNOX,CORRYTON,TN,47,C093,47093,0504,470930504
INDIANA,NOBLE,ALBION,IN,18,C113,18113,0060,181130060
NORTH DAKOTA,CAVALIER,SARLES,ND,38,C019,38019,2830,380192830
KENTUCKY,CASEY,YOSEMITE,KY,21,C045,21045,3905,210453905
NEBRASKA,CLAY,SUTTON,NE,31,C035,31035,4720,310354720
SOUTH CAROLINA,ORANGEBURG,NORTH,SC,45,C075,45075,1790,450751790
ARKANSAS,GRANT,TULL,AR,05,C053,05053,3873,050533873
NEW YORK,TOMPKINS,WEST DANBY,NY,36,C109,36109,6568,361096568
OHIO,CUYAHOGA,UNIVERSITY HTS,OH,39,C035,39035,8270,390358270
ILLINOIS,MADISON,ROXANA,IL,17,C119,17119,7580,171197580
NEW JERSEY,BERGEN,WOOD RIDGE,NJ,34,C003,34003,3750,340033750
ALABAMA,LAWRENCE,HILLSBORO,AL,01,C079,01079,1640,010791640
VIRGINIA,MECKLENBURG,CLARKSVILLE,VA,51,C117,51117,0520,511170520
DELAWARE,NEW CASTLE,NEWARK,DE,10,C003,10003,0360,100030360
INDIANA,VERMILLION,CLINTON,IN,18,C165,18165,0940,181650940
MAINE,SOMERSET,SOLON,ME,23,C025,23025,7360,230257360
ARIZONA,NAVAJO,DILKON,AZ,04,C017,04017,0131,040170131
NEW YORK,DUTCHESS,PAWLING,NY,36,C027,36027,4690,360274690
COLORADO,ADAMS,ALTURA,CO,08,C001,08001,0045,080010045
VERMONT,ADDISON,BRISTOL,VT,50,C001,50001,0110,500010110
TEXAS,BREWSTER,MARATHON,TX,48,C043,48043,4305,480434305
OREGON,JACKSON,SOUTH MEDFORD,OR,41,C029,41029,1948,410291948
NEW YORK,ULSTER,KERHONKSON,NY,36,C111,36111,3022,361113022
KENTUCKY,KNOTT,FISTY,KY,21,C119,21119,1131,211191131
ALASKA,ALEUTIANS EAST,UNGA,AK,02,C013,02013,2720,020132720
MINNESOTA,CARVER,HAMBURG,MN,27,C019,27019,3000,270193000
